{
  "hash": "44673203",
  "browserHash": "77b7699b",
  "optimized": {
    "@angular/cdk/overlay": {
      "src": "../../../../../node_modules/@angular/cdk/fesm2022/overlay.mjs",
      "file": "@angular_cdk_overlay.js",
      "fileHash": "f07ba9e9",
      "needsInterop": false
    },
    "@angular/common": {
      "src": "../../../../../node_modules/@angular/common/fesm2022/common.mjs",
      "file": "@angular_common.js",
      "fileHash": "611c3cbc",
      "needsInterop": false
    },
    "@angular/common/http": {
      "src": "../../../../../node_modules/@angular/common/fesm2022/http.mjs",
      "file": "@angular_common_http.js",
      "fileHash": "9a28ea67",
      "needsInterop": false
    },
    "@angular/core": {
      "src": "../../../../../node_modules/@angular/core/fesm2022/core.mjs",
      "file": "@angular_core.js",
      "fileHash": "26d5cdad",
      "needsInterop": false
    },
    "@angular/forms": {
      "src": "../../../../../node_modules/@angular/forms/fesm2022/forms.mjs",
      "file": "@angular_forms.js",
      "fileHash": "f33bc139",
      "needsInterop": false
    },
    "@angular/google-maps": {
      "src": "../../../../../node_modules/@angular/google-maps/fesm2022/google-maps.mjs",
      "file": "@angular_google-maps.js",
      "fileHash": "71bb028a",
      "needsInterop": false
    },
    "@angular/material/button": {
      "src": "../../../../../node_modules/@angular/material/fesm2022/button.mjs",
      "file": "@angular_material_button.js",
      "fileHash": "c1215b4a",
      "needsInterop": false
    },
    "@angular/material/core": {
      "src": "../../../../../node_modules/@angular/material/fesm2022/core.mjs",
      "file": "@angular_material_core.js",
      "fileHash": "1e2bf369",
      "needsInterop": false
    },
    "@angular/material/datepicker": {
      "src": "../../../../../node_modules/@angular/material/fesm2022/datepicker.mjs",
      "file": "@angular_material_datepicker.js",
      "fileHash": "3172d871",
      "needsInterop": false
    },
    "@angular/material/dialog": {
      "src": "../../../../../node_modules/@angular/material/fesm2022/dialog.mjs",
      "file": "@angular_material_dialog.js",
      "fileHash": "8261809b",
      "needsInterop": false
    },
    "@angular/material/expansion": {
      "src": "../../../../../node_modules/@angular/material/fesm2022/expansion.mjs",
      "file": "@angular_material_expansion.js",
      "fileHash": "080ab310",
      "needsInterop": false
    },
    "@angular/material/form-field": {
      "src": "../../../../../node_modules/@angular/material/fesm2022/form-field.mjs",
      "file": "@angular_material_form-field.js",
      "fileHash": "e228128a",
      "needsInterop": false
    },
    "@angular/material/icon": {
      "src": "../../../../../node_modules/@angular/material/fesm2022/icon.mjs",
      "file": "@angular_material_icon.js",
      "fileHash": "113d9a52",
      "needsInterop": false
    },
    "@angular/material/input": {
      "src": "../../../../../node_modules/@angular/material/fesm2022/input.mjs",
      "file": "@angular_material_input.js",
      "fileHash": "2e4ead56",
      "needsInterop": false
    },
    "@angular/material/menu": {
      "src": "../../../../../node_modules/@angular/material/fesm2022/menu.mjs",
      "file": "@angular_material_menu.js",
      "fileHash": "4440e838",
      "needsInterop": false
    },
    "@angular/material/snack-bar": {
      "src": "../../../../../node_modules/@angular/material/fesm2022/snack-bar.mjs",
      "file": "@angular_material_snack-bar.js",
      "fileHash": "0d35ffe1",
      "needsInterop": false
    },
    "@angular/material/table": {
      "src": "../../../../../node_modules/@angular/material/fesm2022/table.mjs",
      "file": "@angular_material_table.js",
      "fileHash": "b36b6669",
      "needsInterop": false
    },
    "@angular/platform-browser": {
      "src": "../../../../../node_modules/@angular/platform-browser/fesm2022/platform-browser.mjs",
      "file": "@angular_platform-browser.js",
      "fileHash": "2fdac8c8",
      "needsInterop": false
    },
    "@angular/platform-browser/animations": {
      "src": "../../../../../node_modules/@angular/platform-browser/fesm2022/animations.mjs",
      "file": "@angular_platform-browser_animations.js",
      "fileHash": "98470460",
      "needsInterop": false
    },
    "@angular/router": {
      "src": "../../../../../node_modules/@angular/router/fesm2022/router.mjs",
      "file": "@angular_router.js",
      "fileHash": "297bfecc",
      "needsInterop": false
    },
    "@swimlane/ngx-charts": {
      "src": "../../../../../node_modules/@swimlane/ngx-charts/fesm2020/swimlane-ngx-charts.mjs",
      "file": "@swimlane_ngx-charts.js",
      "fileHash": "b6f5bf3b",
      "needsInterop": false
    },
    "aws-sdk/clients/s3": {
      "src": "../../../../../node_modules/aws-sdk/clients/s3.js",
      "file": "aws-sdk_clients_s3.js",
      "fileHash": "a7af8417",
      "needsInterop": true
    },
    "crypto-js": {
      "src": "../../../../../node_modules/crypto-js/index.js",
      "file": "crypto-js.js",
      "fileHash": "e2beb083",
      "needsInterop": true
    },
    "jquery": {
      "src": "../../../../../node_modules/jquery/dist/jquery.js",
      "file": "jquery.js",
      "fileHash": "429e1ed5",
      "needsInterop": true
    },
    "moment/moment": {
      "src": "../../../../../node_modules/moment/moment.js",
      "file": "moment_moment.js",
      "fileHash": "7678d8a2",
      "needsInterop": true
    },
    "ng-multiselect-dropdown": {
      "src": "../../../../../node_modules/ng-multiselect-dropdown/fesm2022/ng-multiselect-dropdown.mjs",
      "file": "ng-multiselect-dropdown.js",
      "fileHash": "a4b4dd13",
      "needsInterop": false
    },
    "ng-recaptcha": {
      "src": "../../../../../node_modules/ng-recaptcha/fesm2022/ng-recaptcha.mjs",
      "file": "ng-recaptcha.js",
      "fileHash": "bbc26522",
      "needsInterop": false
    },
    "ngx-file-drop": {
      "src": "../../../../../node_modules/ngx-file-drop/fesm2022/ngx-file-drop.mjs",
      "file": "ngx-file-drop.js",
      "fileHash": "0b893e6f",
      "needsInterop": false
    },
    "ngx-infinite-scroll": {
      "src": "../../../../../node_modules/ngx-infinite-scroll/fesm2022/ngx-infinite-scroll.mjs",
      "file": "ngx-infinite-scroll.js",
      "fileHash": "db9efe25",
      "needsInterop": false
    },
    "ngx-spinner": {
      "src": "../../../../../node_modules/ngx-spinner/fesm2022/ngx-spinner.mjs",
      "file": "ngx-spinner.js",
      "fileHash": "9ecd39b6",
      "needsInterop": false
    },
    "ngx-toastr": {
      "src": "../../../../../node_modules/ngx-toastr/fesm2022/ngx-toastr.mjs",
      "file": "ngx-toastr.js",
      "fileHash": "65b30ba4",
      "needsInterop": false
    },
    "rxjs": {
      "src": "../../../../../node_modules/rxjs/dist/esm5/index.js",
      "file": "rxjs.js",
      "fileHash": "c56bfaa4",
      "needsInterop": false
    },
    "rxjs/operators": {
      "src": "../../../../../node_modules/rxjs/dist/esm5/operators/index.js",
      "file": "rxjs_operators.js",
      "fileHash": "ddaa28f5",
      "needsInterop": false
    },
    "uuid": {
      "src": "../../../../../node_modules/uuid/dist/esm-browser/index.js",
      "file": "uuid.js",
      "fileHash": "0dba7770",
      "needsInterop": false
    }
  },
  "chunks": {
    "chunk-DCNTXASN": {
      "file": "chunk-DCNTXASN.js"
    },
    "chunk-35B2Z6CZ": {
      "file": "chunk-35B2Z6CZ.js"
    },
    "chunk-XRAOPVDH": {
      "file": "chunk-XRAOPVDH.js"
    },
    "chunk-TUS4BFBF": {
      "file": "chunk-TUS4BFBF.js"
    },
    "chunk-2N6QSPYV": {
      "file": "chunk-2N6QSPYV.js"
    },
    "chunk-TAN2UYNT": {
      "file": "chunk-TAN2UYNT.js"
    },
    "chunk-4OLPIBRK": {
      "file": "chunk-4OLPIBRK.js"
    },
    "chunk-GRAED6VU": {
      "file": "chunk-GRAED6VU.js"
    },
    "chunk-47EKDZOK": {
      "file": "chunk-47EKDZOK.js"
    },
    "chunk-BERDFXJ2": {
      "file": "chunk-BERDFXJ2.js"
    },
    "chunk-RRF6PEZD": {
      "file": "chunk-RRF6PEZD.js"
    },
    "chunk-IZQA4QFM": {
      "file": "chunk-IZQA4QFM.js"
    },
    "chunk-5GE2X5GQ": {
      "file": "chunk-5GE2X5GQ.js"
    },
    "chunk-3KUQHAFI": {
      "file": "chunk-3KUQHAFI.js"
    },
    "chunk-Z6LFH7BS": {
      "file": "chunk-Z6LFH7BS.js"
    },
    "chunk-PUESSDOV": {
      "file": "chunk-PUESSDOV.js"
    },
    "chunk-FFLIBWXC": {
      "file": "chunk-FFLIBWXC.js"
    },
    "chunk-C5B75AWU": {
      "file": "chunk-C5B75AWU.js"
    },
    "chunk-KN6UFG4V": {
      "file": "chunk-KN6UFG4V.js"
    },
    "chunk-J5XZNU7V": {
      "file": "chunk-J5XZNU7V.js"
    }
  }
}